{
  "project_info": {
    "project_number": "190615401331",
    "project_id": "lezatapps",
    "storage_bucket": "lezatapps.appspot.com"
  },
  "client": [
    {
      "client_info": {
        "mobilesdk_app_id": "1:190615401331:android:a5aec86d8498227b3ccb06",
        "android_client_info": {
          "package_name": "com.karyasa.lezat"
        }
      },
      "oauth_client": [
        {
          "client_id": "190615401331-b9iqf6c3pqja7os84ohoa8h218mto9jh.apps.googleusercontent.com",
          "client_type": 1,
          "android_info": {
            "package_name": "com.karyasa.lezat",
            "certificate_hash": "ed3640ab91c175aafa631f52263b4cab71952249"
          }
        },
        {
          "client_id": "190615401331-ulepb96kd6b5m1rvrfbi5smqfq7sboo0.apps.googleusercontent.com",
          "client_type": 3
        }
      ],
      "api_key": [
        {
          "current_key": "AIzaSyAV0qGBaDCnZks2a4fVuZ0HQ9y6spQZfx4"
        }
      ],
      "services": {
        "appinvite_service": {
          "other_platform_oauth_client": [
            {
              "client_id": "190615401331-ulepb96kd6b5m1rvrfbi5smqfq7sboo0.apps.googleusercontent.com",
              "client_type": 3
            }
          ]
        }
      }
    }
  ],
  "configuration_version": "1"
}